"","Df","SumOfSqs","R2","F","Pr(>F)"
"Model",1,1.02822439830556,0.0526616028504065,7.50451623854349,0.001
"Residual",135,18.4969009805476,0.947338397149593,NA,NA
"Total",136,19.5251253788532,1,NA,NA
