"","Df","SumOfSqs","R2","F","Pr(>F)"
"Model",2,2.40551605742169,0.123201055601261,9.41432557374365,0.001
"Residual",134,17.1196093214315,0.876798944398739,NA,NA
"Total",136,19.5251253788532,1,NA,NA
